<?xml version="1.0" encoding="UTF-8"?>
<beans xmlns="http://www.springframework.org/schema/beans"
	xmlns:xsi="http://www.w3.org/2001/XMLSchema-instance" xmlns:context="http://www.springframework.org/schema/context"
	xsi:schemaLocation="http://www.springframework.org/schema/beans http://www.springframework.org/schema/beans/spring-beans-4.0.xsd
        					http://www.springframework.org/schema/context http://www.springframework.org/schema/context/spring-context-4.0.xsd">

	<!--Specify Task bean  -->
	<bean id="sendEmailTask" class="com.cts.VehicleReservationSystem.controller.SendEmailTask" />

	<!-- specifing class and method that is going to be called on a specified 
		time basis -->
	<bean id="emailJob"
		class="org.springframework.scheduling.quartz.MethodInvokingJobDetailFactoryBean">
		<property name="targetObject" ref="sendEmailTask" />
		<property name="targetMethod" value="sendEmail" />
	</bean>

	<!-- simple trigger specify repeat interval and delay time -->
	<bean id="simpleTrigger"
		class="org.springframework.scheduling.quartz.SimpleTriggerFactoryBean">
		<property name="jobDetail" ref="emailJob" />
		<property name="repeatInterval" value="86400000" />
		<property name="startDelay" value="25000000" />
	</bean>

	<!-- scheduler factory bean to put,the executing code and time intervals 
		together -->
	<bean class="org.springframework.scheduling.quartz.SchedulerFactoryBean">
		<property name="jobDetails">
			<list>
				<ref bean="emailJob" />
			</list>
		</property>
		<property name="triggers">
			<list>
				<ref bean="simpleTrigger" />
			</list>
		</property>
	</bean>

</beans>

